,city,status,location
0,NEW YORK,Closed,"(40.807129273329735, -73.94965958870036)"
1,NEW YORK,Closed,"(40.807129273329735, -73.94965958870036)"
2,NEW YORK,Closed,"(40.807129273329735, -73.94965958870036)"
3,NEW YORK,Closed,"(40.807129273329735, -73.94965958870036)"
4,NEW YORK,Closed,"(40.807129273329735, -73.94965958870036)"
5,NEW YORK,Closed,"(40.807129273329735, -73.94965958870036)"
6,NEW YORK,Closed,"(40.807129273329735, -73.94965958870036)"
