,type,area,product,person,order
0,0.7439640651319483,0.2792413066385669,0.8531873792659369,0.16227801592161667,0.10412573673870336
