,product,country,education,type,person,family,collection,company,service,class,range,species,area,state,order,city,team,name,location,weight,day,language,owner,result
0,0.7552397012768008,0.5831281798785493,0.7776318669293062,0.3514057849827817,0.18571304120567994,0.4543362062351346,0.9031520081342146,0.699822729958637,0.5382517800333283,0.5382517800333283,0.3179987469793252,0.2998227897949425,0.23758293521951365,0.699822729958637,0.13074517019319226,0.20574439747524464,0.31325124166103385,0.5673604087933146,0.44282972306004936,0.4115602919031624,0.18248275153652568,0.1998649940934916,0.1488292212960248,0.6361683079677709
