,address,category,code,country,description,name,species,state,type,accuracy,macro avg,weighted avg
precision,1.0,0.012345679012345678,0.7142857142857143,1.0,0.49019607843137253,0.28431372549019607,0.08490566037735849,0.42857142857142855,0.3698630136986301,0.31585518102372034,0.15316426575111539,0.33602481855094957
recall,0.5,0.16666666666666666,0.3333333333333333,0.8,0.7352941176470589,0.5523809523809524,0.0743801652892562,0.14285714285714285,0.18493150684931506,0.31585518102372034,0.1521198228804929,0.31585518102372034
f1-score,0.6666666666666666,0.022988505747126436,0.4545454545454545,0.888888888888889,0.588235294117647,0.37540453074433655,0.07929515418502202,0.21428571428571427,0.2465753424657534,0.31585518102372034,0.13749454620653906,0.29662733545106446
support,2.0,6.0,15.0,5.0,34.0,105.0,121.0,21.0,146.0,0.31585518102372034,801.0,801.0
