,address,category,code,company,country,description,name,species,state,type,accuracy,macro avg,weighted avg
precision,0.014388489208633094,0.1,0.8,0.6666666666666666,1.0,0.4482758620689655,0.7,0.4896907216494845,0.5,0.9263157894736842,0.43570536828963796,0.1786011514616181,0.5810497643950951
recall,1.0,0.3333333333333333,0.26666666666666666,1.0,0.8,0.38235294117647056,0.13333333333333333,0.7851239669421488,0.09523809523809523,0.6027397260273972,0.43570536828963796,0.19661737931269466,0.43570536828963796
f1-score,0.028368794326241138,0.15384615384615383,0.4,0.8,0.888888888888889,0.41269841269841273,0.224,0.6031746031746031,0.16,0.7302904564315352,0.43570536828963796,0.15728126974052986,0.4510686146825891
support,2.0,6.0,15.0,4.0,5.0,34.0,105.0,121.0,21.0,146.0,0.43570536828963796,801.0,801.0
